CREATE DATABASE `BDOBTICA_VS`;

USE `BDOBTICA_VS`;

CREATE TABLE `TBL_PAIS`
(
	ID_PAIS INT UNSIGNED AUTO_INCREMENT NOT NULL,
    DESCRIPCION VARCHAR(60) UNIQUE NOT NULL,
    PRIMARY KEY(ID_PAIS)
);

CREATE TABLE `TBL_CIUDAD`
(
	ID_CIUDAD INT UNSIGNED AUTO_INCREMENT NOT NULL,
    DESCRIPCION VARCHAR(60) UNIQUE NOT NULL,
    ID_PAIS INT UNSIGNED NOT NULL,
    PRIMARY KEY(ID_CIUDAD),
    CONSTRAINT FK_PAIS_CIUDAD
	FOREIGN KEY (ID_PAIS) REFERENCES TBL_PAIS(ID_PAIS)
);

CREATE TABLE `TBL_DIRECCION`
(
	ID_DIRECCION INT UNSIGNED AUTO_INCREMENT PRIMARY KEY,
    CALLE VARCHAR(60),
    NUMERO VARCHAR(10),
    PISO INT UNSIGNED,
    PUERTA INT UNSIGNED,
    ID_PAIS INT UNSIGNED NOT NULL,
    ID_CIUDAD INT UNSIGNED NOT NULL,
    CONSTRAINT FK_TBL_DIRECCION_TBL_PAIS
    FOREIGN KEY (ID_PAIS) REFERENCES TBL_PAIS(ID_PAIS),
    CONSTRAINT FK_TBL_DIRECCION_TBL_CIUDAD
    FOREIGN KEY (ID_CIUDAD) REFERENCES TBL_CIUDAD(ID_CIUDAD)
);

CREATE TABLE `TBL_PROVEEDOR` 
(
	ID_PROVEEDOR INT UNSIGNED AUTO_INCREMENT,
    NOMBRE VARCHAR(150),
    TELEFONO VARCHAR(9),
    FAX VARCHAR(9),
    NIF VARCHAR(9),
    ID_DIRECCION INT UNSIGNED NOT NULL,
    PRIMARY KEY(ID_PROVEEDOR),
    CONSTRAINT FK_TBL_PROVEEDOR_TBL_DIRECCION
    FOREIGN KEY (ID_DIRECCION) REFERENCES TBL_DIRECCION(ID_DIRECCION)
);


CREATE TABLE `TBL_MARCA`
(
	ID_MARCA INT UNSIGNED AUTO_INCREMENT NOT NULL,
    DESCRIPCION VARCHAR(100),
    PRIMARY KEY(ID_MARCA)
);

/* Tabla para Asignar y verificar las marcas que le pueden comprar a cada proveedor */

CREATE TABLE `TBL_PROVEEDOR_MARCA`
(
	ID_PROV_MARCA INT UNSIGNED AUTO_INCREMENT,
    ID_PROVEEDOR INT UNSIGNED NOT NULL,
    ID_MARCA INT UNSIGNED NOT NULL UNIQUE,
    PRIMARY KEY(ID_PROV_MARCA),
    CONSTRAINT FK_TBL_PROV_MARCA_TBL_PROVEEDOR
    FOREIGN KEY (ID_PROVEEDOR) REFERENCES TBL_PROVEEDOR(ID_PROVEEDOR),
	CONSTRAINT FK_TBL_PROV_MARCA_TBL_MARCA
    FOREIGN KEY (ID_MARCA) REFERENCES TBL_MARCA(ID_MARCA)
);

CREATE TABLE `TBL_GAFA`
(
	ID_GAFA INT UNSIGNED AUTO_INCREMENT NOT NULL,
    ID_MARCA INT UNSIGNED NOT NULL,
    GRADUACION INT,
    TIPO_MONTURA enum('FLOTANTE','PASTA', 'METALICA'),
    COLOR_MONTURA VARCHAR(20),
    COLOR_VIDRIO VARCHAR(20),
    PRECION FLOAT UNSIGNED,
    PRECIO_VENTA FLOAT UNSIGNED,
    ID_PROVEEDOR INT UNSIGNED NOT NULL,
    PRIMARY KEY(ID_GAFA),
    CONSTRAINT FK_TBL_GAFA_TBL_MARCA
    FOREIGN KEY (ID_MARCA) REFERENCES TBL_MARCA(ID_MARCA),
    CONSTRAINT FK_TBL_GAFA_TBL_PROVEEDOR
    FOREIGN KEY (ID_PROVEEDOR) REFERENCES TBL_PROVEEDOR(ID_PROVEEDOR)
);
CREATE TABLE `TBL_COMPRA`
(
	ID_COMPRA INT UNSIGNED AUTO_INCREMENT NOT NULL,
    FACTURA_COMPRA VARCHAR(10) UNIQUE NOT NULL,
    ID_PROVEEDOR INT UNSIGNED NOT NULL,
    FECHA DATE,
    PRIMARY KEY(ID_COMPRA),
    CONSTRAINT FK_TBL_COMPRA_TBL_PROVEEDOR
    FOREIGN KEY (ID_PROVEEDOR) REFERENCES TBL_PROVEEDOR(ID_PROVEEDOR)
);

CREATE TABLE `TBL_DETALLECOMPRA`
(
	ID_DETALLE INT UNSIGNED AUTO_INCREMENT NOT NULL,
    ID_GAFA INT UNSIGNED,
    CANTIDAD INT UNSIGNED,
    COSTO FLOAT UNSIGNED,
    ID_COMPRA INT UNSIGNED,
    PRIMARY KEY(ID_DETALLE),
    CONSTRAINT FK_TBL_DETALLECOMPRA_TBL_GAFA
    FOREIGN KEY (ID_GAFA) REFERENCES TBL_GAFA(ID_GAFA),
    CONSTRAINT FK_TBL_DETALLECOMPRA_TBL_COMPRA
    FOREIGN KEY (ID_COMPRA) REFERENCES TBL_COMPRA(ID_COMPRA)
);

CREATE TABLE `TBL_VENDEDOR`
(
	ID_VENDEDOR INT UNSIGNED AUTO_INCREMENT NOT NULL,
    NOMBRE VARCHAR(50),
    APELLIDO VARCHAR(50),
    PRIMARY KEY(ID_VENDEDOR)
);

CREATE TABLE `TBL_CLIENTE`
(
	ID_CLIENTE INT UNSIGNED AUTO_INCREMENT NOT NULL,
    NOMBRE VARCHAR(60),
    DIRECION_POSTAL VARCHAR(10),
    TELEFONO VARCHAR(9) NOT NULL,
    EMAIL VARCHAR(30),
    FECHA_REG DATETIME,
    RECOMENDADO_POR INT UNSIGNED,
    PRIMARY KEY (ID_CLIENTE),
    CONSTRAINT FK_TBL_CLIENTE_TBL_CLIENTE
    FOREIGN KEY (RECOMENDADO_POR) REFERENCES TBL_CLIENTE(ID_CLIENTE)
);

CREATE TABLE `TBL_VENTA`
(
	ID_VENTA INT UNSIGNED AUTO_INCREMENT NOT NULL,
    FACTURA_VENTA VARCHAR(10) UNIQUE NOT NULL,
	ID_VENDEDOR INT UNSIGNED NOT NULL,
    ID_CLIENTE INT UNSIGNED NOT NULL,
    FECHA_REGISTRO DATETIME,
    PRIMARY KEY(ID_VENTA),
    CONSTRAINT FK_TBL_VENTA_TBL_PROVEEDOR
    FOREIGN KEY (ID_VENDEDOR) REFERENCES TBL_VENDEDOR(ID_VENDEDOR),
    CONSTRAINT FK_TBL_VENTA_TBL_CLIENTE
    FOREIGN KEY (ID_CLIENTE) REFERENCES TBL_CLIENTE(ID_CLIENTE)
);

CREATE TABLE `TBL_DETALLE_VENTA`
(
	ID_DETALLE_VENTA INT UNSIGNED AUTO_INCREMENT NOT NULL,
    ID_VENTA INT UNSIGNED NOT NULL,
    ID_GAFA INT UNSIGNED NOT NULL,
    CANTIDAD INT UNSIGNED,
    PRECIO FLOAT UNSIGNED,
    PRIMARY KEY(ID_DETALLE_VENTA),
    CONSTRAINT FK_TBL_DETALLE_VENTA_TBL_VENTA
	FOREIGN KEY (ID_VENTA) REFERENCES TBL_VENTA(ID_VENTA),
    CONSTRAINT FK_TBL_DETALLE_VENTA_TBL_GAFA
    FOREIGN KEY (ID_GAFA) REFERENCES TBL_GAFA(ID_GAFA)
);
/*
SELECT * FROM TBL_PAIS;
*/
INSERT INTO TBL_PAIS(DESCRIPCION) VALUES ('ESPAÑA');
INSERT INTO TBL_PAIS(DESCRIPCION) VALUES ('ALBANIA');
/*
SELECT * FROM TBL_CIUDAD;
*/
INSERT INTO TBL_CIUDAD(DESCRIPCION, ID_PAIS) VALUES ('MADRID', 1);
INSERT INTO TBL_CIUDAD(DESCRIPCION, ID_PAIS) VALUES ('BARCELONA', 1);
INSERT INTO TBL_CIUDAD(DESCRIPCION, ID_PAIS) VALUES ('VALENCIA', 1);
INSERT INTO TBL_CIUDAD(DESCRIPCION, ID_PAIS) VALUES ('SEVILLA', 1);
/*tbl_compra
SELECT * FROM TBL_DIRECCION;
*/
INSERT INTO TBL_DIRECCION(CALLE,NUMERO, PISO, PUERTA, ID_PAIS, ID_CIUDAD) 
VALUES ('ROSSELLO','136',3,1,2,2);
INSERT INTO TBL_DIRECCION(CALLE,NUMERO, PISO, PUERTA, ID_PAIS, ID_CIUDAD) 
VALUES ('SANTANDER','74',4,3,2,2);
INSERT INTO TBL_DIRECCION(CALLE,NUMERO, PISO, PUERTA, ID_PAIS, ID_CIUDAD) 
VALUES ('JOSEP PLA','78',2,1,2,2);
INSERT INTO TBL_DIRECCION(CALLE,NUMERO, PISO, PUERTA, ID_PAIS, ID_CIUDAD) 
VALUES ('HUELVA','32',4,3,2,2);
/*
SELECT * FROM TBL_PROVEEDOR;
*/
INSERT INTO TBL_PROVEEDOR(NOMBRE, TELEFONO, FAX, NIF, ID_DIRECCION) 
VALUES ('JOSE SALGADO', '601918994','600918994','70212756N',1);
INSERT INTO TBL_PROVEEDOR(NOMBRE, TELEFONO, FAX, NIF, ID_DIRECCION) 
VALUES ('GUILLERMO SALGADO', '604918984','601918974','90826480D',2);
INSERT INTO TBL_PROVEEDOR(NOMBRE, TELEFONO, FAX, NIF, ID_DIRECCION) 
VALUES ('JOSE LOPEZ', '603918954','603918774','42398489J',3);
INSERT INTO TBL_PROVEEDOR(NOMBRE, TELEFONO, FAX, NIF, ID_DIRECCION) 
VALUES ('MARLON PEREZ', '613918955','608987564','59929095L',4);
/*
SELECT * FROM TBL_MARCA;
*/
INSERT INTO TBL_MARCA(DESCRIPCION) VALUES ('MARCA 1');
INSERT INTO TBL_MARCA(DESCRIPCION) VALUES ('MARCA 2');
INSERT INTO TBL_MARCA(DESCRIPCION) VALUES ('MARCA 3');
INSERT INTO TBL_MARCA(DESCRIPCION) VALUES ('MARCA 4');
INSERT INTO TBL_MARCA(DESCRIPCION) VALUES ('MARCA 5');
INSERT INTO TBL_MARCA(DESCRIPCION) VALUES ('MARCA 6');
INSERT INTO TBL_MARCA(DESCRIPCION) VALUES ('MARCA 7');

/*
SELECT * FROM TBL_PROVEEDOR;
SELECT * FROM TBL_MARCA;
SELECT * FROM TBL_PROVEEDOR_MARCA;
*/
INSERT INTO TBL_PROVEEDOR_MARCA(ID_PROVEEDOR,ID_MARCA) VALUES (1,1);
INSERT INTO TBL_PROVEEDOR_MARCA(ID_PROVEEDOR,ID_MARCA) VALUES (1,2);
INSERT INTO TBL_PROVEEDOR_MARCA(ID_PROVEEDOR,ID_MARCA) VALUES (2,3);
INSERT INTO TBL_PROVEEDOR_MARCA(ID_PROVEEDOR,ID_MARCA) VALUES (2,4);
INSERT INTO TBL_PROVEEDOR_MARCA(ID_PROVEEDOR,ID_MARCA) VALUES (3,5);
INSERT INTO TBL_PROVEEDOR_MARCA(ID_PROVEEDOR,ID_MARCA) VALUES (4,6);
INSERT INTO TBL_PROVEEDOR_MARCA(ID_PROVEEDOR,ID_MARCA) VALUES (4,7);


/*SELECT * FROM TBL_GAFA;	*/

INSERT INTO TBL_GAFA(ID_MARCA, GRADUACION, TIPO_MONTURA, COLOR_MONTURA, COLOR_VIDRIO, PRECION, PRECIO_VENTA,ID_PROVEEDOR)
VALUES (1,1,1, 'BLANCO', 'BLANCO', 1.5, 120.5,1);
INSERT INTO TBL_GAFA(ID_MARCA, GRADUACION, TIPO_MONTURA, COLOR_MONTURA, COLOR_VIDRIO, PRECION, PRECIO_VENTA,ID_PROVEEDOR)
VALUES (2,1,2, 'NEGRO', 'BLANCO', 1.7, 90.5,1);
INSERT INTO TBL_GAFA(ID_MARCA, GRADUACION, TIPO_MONTURA, COLOR_MONTURA, COLOR_VIDRIO, PRECION, PRECIO_VENTA,ID_PROVEEDOR)
VALUES (3,2,3, 'AZUL', 'BLANCO', 1.1, 150.5,2);
INSERT INTO TBL_GAFA(ID_MARCA, GRADUACION, TIPO_MONTURA, COLOR_MONTURA, COLOR_VIDRIO, PRECION, PRECIO_VENTA,ID_PROVEEDOR)
VALUES (4,3,1, 'BLANCO', 'BLANCO', 0.90, 110.5,2);
INSERT INTO TBL_GAFA(ID_MARCA, GRADUACION, TIPO_MONTURA, COLOR_MONTURA, COLOR_VIDRIO, PRECION, PRECIO_VENTA,ID_PROVEEDOR)
VALUES (5,1,2, 'ROJO', 'BLANCO', 1.90, 130.5,3);
INSERT INTO TBL_GAFA(ID_MARCA, GRADUACION, TIPO_MONTURA, COLOR_MONTURA, COLOR_VIDRIO, PRECION, PRECIO_VENTA,ID_PROVEEDOR)
VALUES (6,4,3, 'BLANCO', 'BLANCO', 2.0, 115.20,4);
INSERT INTO TBL_GAFA(ID_MARCA, GRADUACION, TIPO_MONTURA, COLOR_MONTURA, COLOR_VIDRIO, PRECION, PRECIO_VENTA,ID_PROVEEDOR)
VALUES (7,2,1, 'AZUL', 'BLANCO', 1.0, 125.70,4);
/*
SELECT * FROM TBL_PROVEEDOR;
SELECT * FROM TBL_COMPRA;
*/
INSERT INTO TBL_COMPRA(FACTURA_COMPRA, ID_PROVEEDOR, FECHA) VALUES ('100001',1,'2023-01-15');
INSERT INTO TBL_COMPRA(FACTURA_COMPRA, ID_PROVEEDOR, FECHA) VALUES ('100002',2,'2023-01-17');
INSERT INTO TBL_COMPRA(FACTURA_COMPRA, ID_PROVEEDOR, FECHA) VALUES ('100003',1,'2023-02-01');
INSERT INTO TBL_COMPRA(FACTURA_COMPRA, ID_PROVEEDOR, FECHA) VALUES ('100004',3,'2023-01-20');
INSERT INTO TBL_COMPRA(FACTURA_COMPRA, ID_PROVEEDOR, FECHA) VALUES ('100005',4,'2023-01-17');
INSERT INTO TBL_COMPRA(FACTURA_COMPRA, ID_PROVEEDOR, FECHA) VALUES ('100006',2,'2023-03-12');
INSERT INTO TBL_COMPRA(FACTURA_COMPRA, ID_PROVEEDOR, FECHA) VALUES ('100007',1,'2023-04-04');
INSERT INTO TBL_COMPRA(FACTURA_COMPRA, ID_PROVEEDOR, FECHA) VALUES ('100008',3,'2023-04-20');
INSERT INTO TBL_COMPRA(FACTURA_COMPRA, ID_PROVEEDOR, FECHA) VALUES ('100009',4,'2023-05-10');
/*
SELECT * FROM TBL_COMPRA;
SELECT * FROM TBL_PROVEEDOR_MARCA;
SELECT * FROM TBL_GAFA;
SELECT * FROM TBL_DETALLECOMPRA;
*/
/*
	AL Registrar compras en el sistema se filtrarian las gafas por marca  que pertencen a
    determinado Proveedor y se logra consultado la tabla TBL_PROVEEDOR_MARCA,
    se podria crear un combobox que presente solo esas gafas vendidad por determinado proveedor
    asi se impediria comprar gafas de marcas que pertenecen a otro proveedor que no es al 
    que se las compramos de forma habitual 
    
    Se agrego una refencia del proveedor en la tabla gafa y se puede crear un combo para filtrar
    todas las gafas que distribulle determinado proveedor
*/


INSERT INTO TBL_DETALLECOMPRA(ID_GAFA, CANTIDAD, COSTO, ID_COMPRA)
VALUES (1,150,20.50,1);
INSERT INTO TBL_DETALLECOMPRA(ID_GAFA, CANTIDAD, COSTO, ID_COMPRA)
VALUES (2,200,30.50,1);
INSERT INTO TBL_DETALLECOMPRA(ID_GAFA, CANTIDAD, COSTO, ID_COMPRA)
VALUES (3,180,25.50,2);
INSERT INTO TBL_DETALLECOMPRA(ID_GAFA, CANTIDAD, COSTO, ID_COMPRA)
VALUES (4,150,22.80,2);
INSERT INTO TBL_DETALLECOMPRA(ID_GAFA, CANTIDAD, COSTO, ID_COMPRA)
VALUES (1,80,20.50,3);
INSERT INTO TBL_DETALLECOMPRA(ID_GAFA, CANTIDAD, COSTO, ID_COMPRA)
VALUES (2,90,30.50,3);
INSERT INTO TBL_DETALLECOMPRA(ID_GAFA, CANTIDAD, COSTO, ID_COMPRA)
VALUES (5,100,60.5,4);

INSERT INTO TBL_DETALLECOMPRA(ID_GAFA, CANTIDAD, COSTO, ID_COMPRA)
VALUES (6,85,50.5,5);
INSERT INTO TBL_DETALLECOMPRA(ID_GAFA, CANTIDAD, COSTO, ID_COMPRA)
VALUES (7,90,40.5,5);

INSERT INTO TBL_DETALLECOMPRA(ID_GAFA, CANTIDAD, COSTO, ID_COMPRA)
VALUES (3,50,25.50,6);
INSERT INTO TBL_DETALLECOMPRA(ID_GAFA, CANTIDAD, COSTO, ID_COMPRA)
VALUES (4,60,22.80,6);

INSERT INTO TBL_DETALLECOMPRA(ID_GAFA, CANTIDAD, COSTO, ID_COMPRA)
VALUES (1,80,20.50,7);
INSERT INTO TBL_DETALLECOMPRA(ID_GAFA, CANTIDAD, COSTO, ID_COMPRA)
VALUES (2,85,30.50,7);

INSERT INTO TBL_DETALLECOMPRA(ID_GAFA, CANTIDAD, COSTO, ID_COMPRA)
VALUES (5,50,60.5,8);

INSERT INTO TBL_DETALLECOMPRA(ID_GAFA, CANTIDAD, COSTO, ID_COMPRA)
VALUES (6,60,50.5,9);
INSERT INTO TBL_DETALLECOMPRA(ID_GAFA, CANTIDAD, COSTO, ID_COMPRA)
VALUES (7,60,40.5,9);


/*
SELECT * FROM TBL_VENDEDOR;
*/
INSERT INTO TBL_VENDEDOR(NOMBRE, APELLIDO) VALUES ('JOSE','PEREZ');
INSERT INTO TBL_VENDEDOR(NOMBRE, APELLIDO) VALUES ('SERGIO','LOPEZ');
INSERT INTO TBL_VENDEDOR(NOMBRE, APELLIDO) VALUES ('MARLON','SERRANO');

SELECT * FROM TBL_CLIENTE;
INSERT INTO TBL_CLIENTE(NOMBRE,DIRECION_POSTAL, TELEFONO, EMAIL, FECHA_REG,RECOMENDADO_POR) 
VALUES ('Cliente1','08030','655882255', 'cliente1@yahoo.com','2023-01-15',NULL);
INSERT INTO TBL_CLIENTE(NOMBRE,DIRECION_POSTAL, TELEFONO, EMAIL, FECHA_REG,RECOMENDADO_POR)  
VALUES ('Cliente2','08035','655772255', 'cliente2@yahoo.com','2023-01-18',1);
INSERT INTO TBL_CLIENTE(NOMBRE,DIRECION_POSTAL, TELEFONO, EMAIL, FECHA_REG,RECOMENDADO_POR)  
VALUES ('Cliente3','08025','655552255', 'cliente3@yahoo.com','2023-01-20',NULL);
INSERT INTO TBL_CLIENTE(NOMBRE,DIRECION_POSTAL, TELEFONO, EMAIL, FECHA_REG,RECOMENDADO_POR)  
VALUES ('Cliente4','08021','657752255', 'cliente4@yahoo.com','2023-01-21',2);
INSERT INTO TBL_CLIENTE(NOMBRE,DIRECION_POSTAL, TELEFONO, EMAIL, FECHA_REG,RECOMENDADO_POR) 
VALUES ('Cliente5','08023','654452255', 'cliente5@yahoo.com','2023-01-22',3);
INSERT INTO TBL_CLIENTE(NOMBRE,DIRECION_POSTAL, TELEFONO, EMAIL, FECHA_REG,RECOMENDADO_POR) 
VALUES ('Cliente6','08031','654452855', 'cliente6@yahoo.com','2023-01-25',3);
INSERT INTO TBL_CLIENTE(NOMBRE,DIRECION_POSTAL, TELEFONO, EMAIL, FECHA_REG,RECOMENDADO_POR)  
VALUES ('Cliente7','08040','654452858', 'cliente7@yahoo.com','2023-02-28',4);
INSERT INTO TBL_CLIENTE(NOMBRE,DIRECION_POSTAL, TELEFONO, EMAIL, FECHA_REG,RECOMENDADO_POR) 
VALUES ('Cliente8','08042','654672858', 'cliente8@yahoo.com','2023-02-28',5);
INSERT INTO TBL_CLIENTE(NOMBRE,DIRECION_POSTAL, TELEFONO, EMAIL, FECHA_REG,RECOMENDADO_POR) 
VALUES ('Cliente9','08045','654672859', 'cliente9@yahoo.com','2023-03-01',5);
INSERT INTO TBL_CLIENTE(NOMBRE,DIRECION_POSTAL, TELEFONO, EMAIL, FECHA_REG,RECOMENDADO_POR) 
VALUES ('Cliente10','08045','654672850', 'cliente10@yahoo.com','2023-03-15',3);

INSERT INTO TBL_CLIENTE(NOMBRE,DIRECION_POSTAL, TELEFONO, EMAIL, FECHA_REG,RECOMENDADO_POR) 
VALUES ('Cliente11','08031','655882255', 'cliente1@yahoo.com','2023-01-16',NULL);
INSERT INTO TBL_CLIENTE(NOMBRE,DIRECION_POSTAL, TELEFONO, EMAIL, FECHA_REG,RECOMENDADO_POR)  
VALUES ('Cliente12','08036','655772255', 'cliente12@yahoo.com','2023-01-19',1);
INSERT INTO TBL_CLIENTE(NOMBRE,DIRECION_POSTAL, TELEFONO, EMAIL, FECHA_REG,RECOMENDADO_POR)  
VALUES ('Cliente13','08026','655552255', 'cliente13@yahoo.com','2023-01-21',NULL);
INSERT INTO TBL_CLIENTE(NOMBRE,DIRECION_POSTAL, TELEFONO, EMAIL, FECHA_REG,RECOMENDADO_POR)  
VALUES ('Cliente14','08022','657752255', 'cliente14@yahoo.com','2023-01-22',2);
INSERT INTO TBL_CLIENTE(NOMBRE,DIRECION_POSTAL, TELEFONO, EMAIL, FECHA_REG,RECOMENDADO_POR) 
VALUES ('Cliente15','08024','654452255', 'cliente15@yahoo.com','2023-01-23',3);
INSERT INTO TBL_CLIENTE(NOMBRE,DIRECION_POSTAL, TELEFONO, EMAIL, FECHA_REG,RECOMENDADO_POR) 
VALUES ('Cliente16','08032','654452855', 'cliente16@yahoo.com','2023-01-24',3);
INSERT INTO TBL_CLIENTE(NOMBRE,DIRECION_POSTAL, TELEFONO, EMAIL, FECHA_REG,RECOMENDADO_POR)  
VALUES ('Cliente17','08041','654452858', 'cliente17@yahoo.com','2023-02-23',4);
INSERT INTO TBL_CLIENTE(NOMBRE,DIRECION_POSTAL, TELEFONO, EMAIL, FECHA_REG,RECOMENDADO_POR) 
VALUES ('Cliente18','08044','654672858', 'cliente18@yahoo.com','2023-02-25',5);
INSERT INTO TBL_CLIENTE(NOMBRE,DIRECION_POSTAL, TELEFONO, EMAIL, FECHA_REG,RECOMENDADO_POR) 
VALUES ('Cliente19','08046','654672859', 'cliente19@yahoo.com','2023-03-03',5);
INSERT INTO TBL_CLIENTE(NOMBRE,DIRECION_POSTAL, TELEFONO, EMAIL, FECHA_REG,RECOMENDADO_POR) 
VALUES ('Cliente20','08048','654672850', 'cliente20@yahoo.com','2023-03-17',3);
/*
SELECT * FROM TBL_VENDEDOR;
SELECT * FROM TBL_CLIENTE;
SELECT * FROM TBL_VENTA;
*/
INSERT INTO TBL_VENTA(FACTURA_VENTA,ID_VENDEDOR, ID_CLIENTE, FECHA_REGISTRO)
VALUES('0000001',1,1,'2023-01-25');
INSERT INTO TBL_VENTA(FACTURA_VENTA,ID_VENDEDOR, ID_CLIENTE, FECHA_REGISTRO)
VALUES('0000002',2,2,'2023-01-26');
INSERT INTO TBL_VENTA(FACTURA_VENTA,ID_VENDEDOR, ID_CLIENTE, FECHA_REGISTRO)
VALUES('0000003',3,3,'2023-01-27');
INSERT INTO TBL_VENTA(FACTURA_VENTA,ID_VENDEDOR, ID_CLIENTE, FECHA_REGISTRO)
VALUES('0000004',1,4,'2023-02-02');
INSERT INTO TBL_VENTA(FACTURA_VENTA,ID_VENDEDOR, ID_CLIENTE, FECHA_REGISTRO)
VALUES('0000005',2,5,'2023-02-03');
INSERT INTO TBL_VENTA(FACTURA_VENTA,ID_VENDEDOR, ID_CLIENTE, FECHA_REGISTRO)
VALUES('0000006',3,6,'2023-02-04');
INSERT INTO TBL_VENTA(FACTURA_VENTA,ID_VENDEDOR, ID_CLIENTE, FECHA_REGISTRO)
VALUES('0000007',1,7,'2023-02-04');
INSERT INTO TBL_VENTA(FACTURA_VENTA,ID_VENDEDOR, ID_CLIENTE, FECHA_REGISTRO)
VALUES('0000008',2,8,'2023-02-04');
INSERT INTO TBL_VENTA(FACTURA_VENTA,ID_VENDEDOR, ID_CLIENTE, FECHA_REGISTRO)
VALUES('0000009',3,9,'2023-02-06');
INSERT INTO TBL_VENTA(FACTURA_VENTA,ID_VENDEDOR, ID_CLIENTE, FECHA_REGISTRO)
VALUES('0000010',1,10,'2023-02-07');
INSERT INTO TBL_VENTA(FACTURA_VENTA,ID_VENDEDOR, ID_CLIENTE, FECHA_REGISTRO)
VALUES('0000011',2,11,'2023-02-08');
INSERT INTO TBL_VENTA(FACTURA_VENTA,ID_VENDEDOR, ID_CLIENTE, FECHA_REGISTRO)
VALUES('0000012',3,12,'2023-02-09');
INSERT INTO TBL_VENTA(FACTURA_VENTA,ID_VENDEDOR, ID_CLIENTE, FECHA_REGISTRO)
VALUES('0000013',1,13,'2023-02-10');
INSERT INTO TBL_VENTA(FACTURA_VENTA,ID_VENDEDOR, ID_CLIENTE, FECHA_REGISTRO)
VALUES('0000014',2,14,'2023-02-11');
INSERT INTO TBL_VENTA(FACTURA_VENTA,ID_VENDEDOR, ID_CLIENTE, FECHA_REGISTRO)
VALUES('0000015',3,15,'2023-02-12');
INSERT INTO TBL_VENTA(FACTURA_VENTA,ID_VENDEDOR, ID_CLIENTE, FECHA_REGISTRO)
VALUES('0000016',1,16,'2023-02-18');
INSERT INTO TBL_VENTA(FACTURA_VENTA,ID_VENDEDOR, ID_CLIENTE, FECHA_REGISTRO)
VALUES('0000017',2,17,'2023-02-19');
INSERT INTO TBL_VENTA(FACTURA_VENTA,ID_VENDEDOR, ID_CLIENTE, FECHA_REGISTRO)
VALUES('0000018',3,18,'2023-02-19');
INSERT INTO TBL_VENTA(FACTURA_VENTA,ID_VENDEDOR, ID_CLIENTE, FECHA_REGISTRO)
VALUES('0000019',1,19,'2023-02-23');
INSERT INTO TBL_VENTA(FACTURA_VENTA,ID_VENDEDOR, ID_CLIENTE, FECHA_REGISTRO)
VALUES('0000020',1,10,'2023-02-25');

INSERT INTO TBL_VENTA(FACTURA_VENTA,ID_VENDEDOR, ID_CLIENTE, FECHA_REGISTRO)
VALUES('0000021',1,1,'2023-04-25');
INSERT INTO TBL_VENTA(FACTURA_VENTA,ID_VENDEDOR, ID_CLIENTE, FECHA_REGISTRO)
VALUES('0000022',2,2,'2023-04-26');
INSERT INTO TBL_VENTA(FACTURA_VENTA,ID_VENDEDOR, ID_CLIENTE, FECHA_REGISTRO)
VALUES('0000023',3,3,'2023-04-27');
INSERT INTO TBL_VENTA(FACTURA_VENTA,ID_VENDEDOR, ID_CLIENTE, FECHA_REGISTRO)
VALUES('0000024',1,4,'2023-05-02');
INSERT INTO TBL_VENTA(FACTURA_VENTA,ID_VENDEDOR, ID_CLIENTE, FECHA_REGISTRO)
VALUES('0000025',2,5,'2023-05-03');
INSERT INTO TBL_VENTA(FACTURA_VENTA,ID_VENDEDOR, ID_CLIENTE, FECHA_REGISTRO)
VALUES('0000026',3,6,'2023-05-04');
INSERT INTO TBL_VENTA(FACTURA_VENTA,ID_VENDEDOR, ID_CLIENTE, FECHA_REGISTRO)
VALUES('0000027',1,7,'2023-05-04');
INSERT INTO TBL_VENTA(FACTURA_VENTA,ID_VENDEDOR, ID_CLIENTE, FECHA_REGISTRO)
VALUES('0000028',2,8,'2023-05-04');
INSERT INTO TBL_VENTA(FACTURA_VENTA,ID_VENDEDOR, ID_CLIENTE, FECHA_REGISTRO)
VALUES('0000029',3,9,'2023-05-06');
INSERT INTO TBL_VENTA(FACTURA_VENTA,ID_VENDEDOR, ID_CLIENTE, FECHA_REGISTRO)
VALUES('0000030',1,10,'2023-06-07');
INSERT INTO TBL_VENTA(FACTURA_VENTA,ID_VENDEDOR, ID_CLIENTE, FECHA_REGISTRO)
VALUES('0000031',2,11,'2023-06-08');
INSERT INTO TBL_VENTA(FACTURA_VENTA,ID_VENDEDOR, ID_CLIENTE, FECHA_REGISTRO)
VALUES('0000032',3,12,'2023-06-09');
INSERT INTO TBL_VENTA(FACTURA_VENTA,ID_VENDEDOR, ID_CLIENTE, FECHA_REGISTRO)
VALUES('0000033',1,13,'2023-07-10');
INSERT INTO TBL_VENTA(FACTURA_VENTA,ID_VENDEDOR, ID_CLIENTE, FECHA_REGISTRO)
VALUES('0000034',2,14,'2023-07-11');
INSERT INTO TBL_VENTA(FACTURA_VENTA,ID_VENDEDOR, ID_CLIENTE, FECHA_REGISTRO)
VALUES('0000035',3,15,'2023-07-12');
INSERT INTO TBL_VENTA(FACTURA_VENTA,ID_VENDEDOR, ID_CLIENTE, FECHA_REGISTRO)
VALUES('0000036',1,16,'2023-07-18');
INSERT INTO TBL_VENTA(FACTURA_VENTA,ID_VENDEDOR, ID_CLIENTE, FECHA_REGISTRO)
VALUES('0000037',2,17,'2023-08-19');
INSERT INTO TBL_VENTA(FACTURA_VENTA,ID_VENDEDOR, ID_CLIENTE, FECHA_REGISTRO)
VALUES('0000038',3,18,'2023-08-19');
INSERT INTO TBL_VENTA(FACTURA_VENTA,ID_VENDEDOR, ID_CLIENTE, FECHA_REGISTRO)
VALUES('0000039',1,19,'2023-08-23');
INSERT INTO TBL_VENTA(FACTURA_VENTA,ID_VENDEDOR, ID_CLIENTE, FECHA_REGISTRO)
VALUES('0000040',1,20,'2023-08-25');

INSERT INTO TBL_VENTA(FACTURA_VENTA,ID_VENDEDOR, ID_CLIENTE, FECHA_REGISTRO)
VALUES('0000041',1,1,'2023-09-25');
INSERT INTO TBL_VENTA(FACTURA_VENTA,ID_VENDEDOR, ID_CLIENTE, FECHA_REGISTRO)
VALUES('0000042',2,2,'2023-09-26');
INSERT INTO TBL_VENTA(FACTURA_VENTA,ID_VENDEDOR, ID_CLIENTE, FECHA_REGISTRO)
VALUES('0000043',3,3,'2023-09-27');
INSERT INTO TBL_VENTA(FACTURA_VENTA,ID_VENDEDOR, ID_CLIENTE, FECHA_REGISTRO)
VALUES('0000044',1,4,'2023-10-02');
INSERT INTO TBL_VENTA(FACTURA_VENTA,ID_VENDEDOR, ID_CLIENTE, FECHA_REGISTRO)
VALUES('0000045',2,5,'2023-10-03');
INSERT INTO TBL_VENTA(FACTURA_VENTA,ID_VENDEDOR, ID_CLIENTE, FECHA_REGISTRO)
VALUES('0000046',3,6,'2023-10-04');
INSERT INTO TBL_VENTA(FACTURA_VENTA,ID_VENDEDOR, ID_CLIENTE, FECHA_REGISTRO)
VALUES('0000047',1,7,'2023-11-04');
INSERT INTO TBL_VENTA(FACTURA_VENTA,ID_VENDEDOR, ID_CLIENTE, FECHA_REGISTRO)
VALUES('0000048',2,8,'2023-11-04');
INSERT INTO TBL_VENTA(FACTURA_VENTA,ID_VENDEDOR, ID_CLIENTE, FECHA_REGISTRO)
VALUES('0000049',3,9,'2023-11-06');
INSERT INTO TBL_VENTA(FACTURA_VENTA,ID_VENDEDOR, ID_CLIENTE, FECHA_REGISTRO)
VALUES('0000050',1,10,'2023-12-07');
INSERT INTO TBL_VENTA(FACTURA_VENTA,ID_VENDEDOR, ID_CLIENTE, FECHA_REGISTRO)
VALUES('0000051',2,11,'2023-12-08');
INSERT INTO TBL_VENTA(FACTURA_VENTA,ID_VENDEDOR, ID_CLIENTE, FECHA_REGISTRO)
VALUES('0000052',3,12,'2023-12-09');
INSERT INTO TBL_VENTA(FACTURA_VENTA,ID_VENDEDOR, ID_CLIENTE, FECHA_REGISTRO)
VALUES('0000053',1,13,'2024-01-10');
INSERT INTO TBL_VENTA(FACTURA_VENTA,ID_VENDEDOR, ID_CLIENTE, FECHA_REGISTRO)
VALUES('0000054',2,14,'2024-01-11');
INSERT INTO TBL_VENTA(FACTURA_VENTA,ID_VENDEDOR, ID_CLIENTE, FECHA_REGISTRO)
VALUES('0000055',3,15,'2024-01-12');
INSERT INTO TBL_VENTA(FACTURA_VENTA,ID_VENDEDOR, ID_CLIENTE, FECHA_REGISTRO)
VALUES('0000056',1,16,'2024-01-18');
INSERT INTO TBL_VENTA(FACTURA_VENTA,ID_VENDEDOR, ID_CLIENTE, FECHA_REGISTRO)
VALUES('0000057',2,10,'2024-01-19');
INSERT INTO TBL_VENTA(FACTURA_VENTA,ID_VENDEDOR, ID_CLIENTE, FECHA_REGISTRO)
VALUES('0000058',3,18,'2024-01-19');
INSERT INTO TBL_VENTA(FACTURA_VENTA,ID_VENDEDOR, ID_CLIENTE, FECHA_REGISTRO)
VALUES('0000059',1,19,'2024-01-23');
INSERT INTO TBL_VENTA(FACTURA_VENTA,ID_VENDEDOR, ID_CLIENTE, FECHA_REGISTRO)
VALUES('0000060',1,20,'2024-01-25');
/*
SELECT * FROM TBL_VENTA;
SELECT * FROM TBL_DETALLE_VENTA;
*/
/* Se consulta el precio de la gafa para almacenarla en el detalle de venta
   de cada factura.
*/
SELECT @PRECIO_VENTA_GAFA1:= (SELECT PRECIO_VENTA FROM TBL_GAFA WHERE ID_GAFA = 1);
SELECT @PRECIO_VENTA_GAFA2:= (SELECT PRECIO_VENTA FROM TBL_GAFA WHERE ID_GAFA = 2);
SELECT @PRECIO_VENTA_GAFA3:= (SELECT PRECIO_VENTA FROM TBL_GAFA WHERE ID_GAFA = 3);
SELECT @PRECIO_VENTA_GAFA4:= (SELECT PRECIO_VENTA FROM TBL_GAFA WHERE ID_GAFA = 4);
SELECT @PRECIO_VENTA_GAFA5:= (SELECT PRECIO_VENTA FROM TBL_GAFA WHERE ID_GAFA = 5);
SELECT @PRECIO_VENTA_GAFA6:= (SELECT PRECIO_VENTA FROM TBL_GAFA WHERE ID_GAFA = 6);
SELECT @PRECIO_VENTA_GAFA7:= (SELECT PRECIO_VENTA FROM TBL_GAFA WHERE ID_GAFA = 7);

/*SELECT * FROM TBL_DETALLE_VENTA;*/

INSERT INTO TBL_DETALLE_VENTA(ID_VENTA,ID_GAFA,CANTIDAD, PRECIO)
VALUES (1,1,1,@PRECIO_VENTA_GAFA1);
INSERT INTO TBL_DETALLE_VENTA(ID_VENTA,ID_GAFA,CANTIDAD, PRECIO)
VALUES (1,2,1,@PRECIO_VENTA_GAFA2);

INSERT INTO TBL_DETALLE_VENTA(ID_VENTA,ID_GAFA,CANTIDAD, PRECIO)
VALUES (2,3,1,@PRECIO_VENTA_GAFA3);
INSERT INTO TBL_DETALLE_VENTA(ID_VENTA,ID_GAFA,CANTIDAD, PRECIO)
VALUES (2,4,1,@PRECIO_VENTA_GAFA4);

INSERT INTO TBL_DETALLE_VENTA(ID_VENTA,ID_GAFA,CANTIDAD, PRECIO)
VALUES (3,1,1,@PRECIO_VENTA_GAFA1);
INSERT INTO TBL_DETALLE_VENTA(ID_VENTA,ID_GAFA,CANTIDAD, PRECIO)
VALUES (4,5,1,@PRECIO_VENTA_GAFA5);
INSERT INTO TBL_DETALLE_VENTA(ID_VENTA,ID_GAFA,CANTIDAD, PRECIO)
VALUES (5,6,1,@PRECIO_VENTA_GAFA6);
INSERT INTO TBL_DETALLE_VENTA(ID_VENTA,ID_GAFA,CANTIDAD, PRECIO)
VALUES (6,7,1,@PRECIO_VENTA_GAFA7);
INSERT INTO TBL_DETALLE_VENTA(ID_VENTA,ID_GAFA,CANTIDAD, PRECIO)
VALUES (7,7,1,@PRECIO_VENTA_GAFA7);
INSERT INTO TBL_DETALLE_VENTA(ID_VENTA,ID_GAFA,CANTIDAD, PRECIO)
VALUES (8,1,1,@PRECIO_VENTA_GAFA1);
INSERT INTO TBL_DETALLE_VENTA(ID_VENTA,ID_GAFA,CANTIDAD, PRECIO)
VALUES (9,2,1,@PRECIO_VENTA_GAFA2);
INSERT INTO TBL_DETALLE_VENTA(ID_VENTA,ID_GAFA,CANTIDAD, PRECIO)
VALUES (10,3,1,@PRECIO_VENTA_GAFA3);
INSERT INTO TBL_DETALLE_VENTA(ID_VENTA,ID_GAFA,CANTIDAD, PRECIO)
VALUES (11,4,1,@PRECIO_VENTA_GAFA4);
INSERT INTO TBL_DETALLE_VENTA(ID_VENTA,ID_GAFA,CANTIDAD, PRECIO)
VALUES (12,4,1,@PRECIO_VENTA_GAFA4);
INSERT INTO TBL_DETALLE_VENTA(ID_VENTA,ID_GAFA,CANTIDAD, PRECIO)
VALUES (13,5,1,@PRECIO_VENTA_GAFA5);
INSERT INTO TBL_DETALLE_VENTA(ID_VENTA,ID_GAFA,CANTIDAD, PRECIO)
VALUES (14,6,1,@PRECIO_VENTA_GAFA6);
INSERT INTO TBL_DETALLE_VENTA(ID_VENTA,ID_GAFA,CANTIDAD, PRECIO)
VALUES (15,7,1,@PRECIO_VENTA_GAFA7);
INSERT INTO TBL_DETALLE_VENTA(ID_VENTA,ID_GAFA,CANTIDAD, PRECIO)
VALUES (16,7,1,@PRECIO_VENTA_GAFA7);
INSERT INTO TBL_DETALLE_VENTA(ID_VENTA,ID_GAFA,CANTIDAD, PRECIO)
VALUES (17,1,1,@PRECIO_VENTA_GAFA1);
INSERT INTO TBL_DETALLE_VENTA(ID_VENTA,ID_GAFA,CANTIDAD, PRECIO)
VALUES (18,1,1,@PRECIO_VENTA_GAFA1);
INSERT INTO TBL_DETALLE_VENTA(ID_VENTA,ID_GAFA,CANTIDAD, PRECIO)
VALUES (19,2,1,@PRECIO_VENTA_GAFA2);
INSERT INTO TBL_DETALLE_VENTA(ID_VENTA,ID_GAFA,CANTIDAD, PRECIO)
VALUES (20,3,1,@PRECIO_VENTA_GAFA3);
INSERT INTO TBL_DETALLE_VENTA(ID_VENTA,ID_GAFA,CANTIDAD, PRECIO)
VALUES (21,4,1,@PRECIO_VENTA_GAFA4);
INSERT INTO TBL_DETALLE_VENTA(ID_VENTA,ID_GAFA,CANTIDAD, PRECIO)
VALUES (22,4,1,@PRECIO_VENTA_GAFA4);
INSERT INTO TBL_DETALLE_VENTA(ID_VENTA,ID_GAFA,CANTIDAD, PRECIO)
VALUES (23,5,1,@PRECIO_VENTA_GAFA5);
INSERT INTO TBL_DETALLE_VENTA(ID_VENTA,ID_GAFA,CANTIDAD, PRECIO)
VALUES (24,6,1,@PRECIO_VENTA_GAFA6);
INSERT INTO TBL_DETALLE_VENTA(ID_VENTA,ID_GAFA,CANTIDAD, PRECIO)
VALUES (25,7,1,@PRECIO_VENTA_GAFA7);
INSERT INTO TBL_DETALLE_VENTA(ID_VENTA,ID_GAFA,CANTIDAD, PRECIO)
VALUES (26,1,1,@PRECIO_VENTA_GAFA1);
INSERT INTO TBL_DETALLE_VENTA(ID_VENTA,ID_GAFA,CANTIDAD, PRECIO)
VALUES (27,1,1,@PRECIO_VENTA_GAFA1);
INSERT INTO TBL_DETALLE_VENTA(ID_VENTA,ID_GAFA,CANTIDAD, PRECIO)
VALUES (28,2,1,@PRECIO_VENTA_GAFA2);
INSERT INTO TBL_DETALLE_VENTA(ID_VENTA,ID_GAFA,CANTIDAD, PRECIO)
VALUES (29,2,1,@PRECIO_VENTA_GAFA2);
INSERT INTO TBL_DETALLE_VENTA(ID_VENTA,ID_GAFA,CANTIDAD, PRECIO)
VALUES (30,2,2,@PRECIO_VENTA_GAFA2);

INSERT INTO TBL_DETALLE_VENTA(ID_VENTA,ID_GAFA,CANTIDAD, PRECIO)
VALUES (31,1,1,@PRECIO_VENTA_GAFA1);
INSERT INTO TBL_DETALLE_VENTA(ID_VENTA,ID_GAFA,CANTIDAD, PRECIO)
VALUES (31,2,1,@PRECIO_VENTA_GAFA2);

INSERT INTO TBL_DETALLE_VENTA(ID_VENTA,ID_GAFA,CANTIDAD, PRECIO)
VALUES (32,3,1,@PRECIO_VENTA_GAFA3);
INSERT INTO TBL_DETALLE_VENTA(ID_VENTA,ID_GAFA,CANTIDAD, PRECIO)
VALUES (32,4,1,@PRECIO_VENTA_GAFA4);

INSERT INTO TBL_DETALLE_VENTA(ID_VENTA,ID_GAFA,CANTIDAD, PRECIO)
VALUES (33,1,1,@PRECIO_VENTA_GAFA1);
INSERT INTO TBL_DETALLE_VENTA(ID_VENTA,ID_GAFA,CANTIDAD, PRECIO)
VALUES (34,5,1,@PRECIO_VENTA_GAFA5);
INSERT INTO TBL_DETALLE_VENTA(ID_VENTA,ID_GAFA,CANTIDAD, PRECIO)
VALUES (35,6,1,@PRECIO_VENTA_GAFA6);
INSERT INTO TBL_DETALLE_VENTA(ID_VENTA,ID_GAFA,CANTIDAD, PRECIO)
VALUES (36,7,1,@PRECIO_VENTA_GAFA7);
INSERT INTO TBL_DETALLE_VENTA(ID_VENTA,ID_GAFA,CANTIDAD, PRECIO)
VALUES (37,7,1,@PRECIO_VENTA_GAFA7);
INSERT INTO TBL_DETALLE_VENTA(ID_VENTA,ID_GAFA,CANTIDAD, PRECIO)
VALUES (38,1,1,@PRECIO_VENTA_GAFA1);
INSERT INTO TBL_DETALLE_VENTA(ID_VENTA,ID_GAFA,CANTIDAD, PRECIO)
VALUES (39,2,1,@PRECIO_VENTA_GAFA2);
INSERT INTO TBL_DETALLE_VENTA(ID_VENTA,ID_GAFA,CANTIDAD, PRECIO)
VALUES (40,3,1,@PRECIO_VENTA_GAFA3);
INSERT INTO TBL_DETALLE_VENTA(ID_VENTA,ID_GAFA,CANTIDAD, PRECIO)
VALUES (41,4,1,@PRECIO_VENTA_GAFA4);
INSERT INTO TBL_DETALLE_VENTA(ID_VENTA,ID_GAFA,CANTIDAD, PRECIO)
VALUES (42,4,1,@PRECIO_VENTA_GAFA4);
INSERT INTO TBL_DETALLE_VENTA(ID_VENTA,ID_GAFA,CANTIDAD, PRECIO)
VALUES (43,5,1,@PRECIO_VENTA_GAFA5);
INSERT INTO TBL_DETALLE_VENTA(ID_VENTA,ID_GAFA,CANTIDAD, PRECIO)
VALUES (44,6,1,@PRECIO_VENTA_GAFA6);
INSERT INTO TBL_DETALLE_VENTA(ID_VENTA,ID_GAFA,CANTIDAD, PRECIO)
VALUES (45,7,1,@PRECIO_VENTA_GAFA7);
INSERT INTO TBL_DETALLE_VENTA(ID_VENTA,ID_GAFA,CANTIDAD, PRECIO)
VALUES (46,7,1,@PRECIO_VENTA_GAFA7);
INSERT INTO TBL_DETALLE_VENTA(ID_VENTA,ID_GAFA,CANTIDAD, PRECIO)
VALUES (47,1,1,@PRECIO_VENTA_GAFA1);
INSERT INTO TBL_DETALLE_VENTA(ID_VENTA,ID_GAFA,CANTIDAD, PRECIO)
VALUES (48,1,1,@PRECIO_VENTA_GAFA1);
INSERT INTO TBL_DETALLE_VENTA(ID_VENTA,ID_GAFA,CANTIDAD, PRECIO)
VALUES (49,2,1,@PRECIO_VENTA_GAFA2);
INSERT INTO TBL_DETALLE_VENTA(ID_VENTA,ID_GAFA,CANTIDAD, PRECIO)
VALUES (50,1,2,@PRECIO_VENTA_GAFA1);
INSERT INTO TBL_DETALLE_VENTA(ID_VENTA,ID_GAFA,CANTIDAD, PRECIO)
VALUES (51,4,1,@PRECIO_VENTA_GAFA4);
INSERT INTO TBL_DETALLE_VENTA(ID_VENTA,ID_GAFA,CANTIDAD, PRECIO)
VALUES (52,4,1,@PRECIO_VENTA_GAFA4);
INSERT INTO TBL_DETALLE_VENTA(ID_VENTA,ID_GAFA,CANTIDAD, PRECIO)
VALUES (53,5,1,@PRECIO_VENTA_GAFA5);
INSERT INTO TBL_DETALLE_VENTA(ID_VENTA,ID_GAFA,CANTIDAD, PRECIO)
VALUES (54,6,1,@PRECIO_VENTA_GAFA6);
INSERT INTO TBL_DETALLE_VENTA(ID_VENTA,ID_GAFA,CANTIDAD, PRECIO)
VALUES (55,7,1,@PRECIO_VENTA_GAFA7);
INSERT INTO TBL_DETALLE_VENTA(ID_VENTA,ID_GAFA,CANTIDAD, PRECIO)
VALUES (56,1,1,@PRECIO_VENTA_GAFA1);
INSERT INTO TBL_DETALLE_VENTA(ID_VENTA,ID_GAFA,CANTIDAD, PRECIO)
VALUES (57,1,1,@PRECIO_VENTA_GAFA1);
INSERT INTO TBL_DETALLE_VENTA(ID_VENTA,ID_GAFA,CANTIDAD, PRECIO)
VALUES (58,2,1,@PRECIO_VENTA_GAFA2);
INSERT INTO TBL_DETALLE_VENTA(ID_VENTA,ID_GAFA,CANTIDAD, PRECIO)
VALUES (59,2,1,@PRECIO_VENTA_GAFA2);
INSERT INTO TBL_DETALLE_VENTA(ID_VENTA,ID_GAFA,CANTIDAD, PRECIO)
VALUES (60,3,1,@PRECIO_VENTA_GAFA3);